bitcoin:,economy:,gold:
1,9,44
1,10,40
1,12,41
1,12,38
1,11,41
1,8,37
1,5,39
1,6,45
1,10,40
1,12,38
1,11,40
1,8,46
1,7,39
1,9,38
1,9,41
1,11,39
1,10,41
1,6,40
1,5,40
1,6,45
1,9,43
1,9,44
1,10,45
1,8,51
1,7,48
1,8,51
1,8,46
1,9,48
1,10,53
1,6,46
1,4,47
1,5,44
1,7,44
1,8,42
1,8,41
1,6,47
1,6,42
1,7,42
1,7,42
1,8,41
1,8,42
1,6,45
1,5,41
1,5,41
1,7,41
1,8,42
1,8,46
1,7,46
1,8,48
1,9,49
1,10,54
1,11,48
1,12,47
1,8,45
1,7,46
1,6,58
1,12,49
1,14,51
1,12,47
1,10,48
1,10,47
1,12,51
1,11,46
1,10,43
1,9,43
1,7,43
1,7,46
1,6,43
1,8,43
1,8,45
1,8,47
1,7,51
1,7,44
1,8,55
1,8,51
1,8,47
1,8,50
1,5,46
1,5,44
1,5,41
1,7,42
1,7,43
1,7,45
1,6,48
1,7,52
1,8,51
1,8,50
1,8,52
1,8,50
3,6,56
1,5,50
1,6,62
1,8,55
1,8,52
1,8,55
1,7,57
1,7,54
1,8,54
1,7,50
1,8,48
1,8,50
1,6,52
1,5,56
1,6,71
1,8,51
1,8,48
1,8,53
1,6,62
1,6,58
1,7,56
3,7,54
8,8,58
3,7,52
2,5,53
2,4,57
2,5,51
2,7,53
3,8,52
10,7,54
12,6,57
8,6,54
9,7,71
7,7,53
4,7,51
3,7,51
3,5,50
3,5,50
3,5,49
3,8,49
3,8,50
3,7,54
3,7,60
3,7,56
3,8,69
3,7,62
2,8,56
2,7,55
2,5,54
3,5,68
3,6,57
2,9,58
2,8,55
3,8,58
3,7,66
3,8,61
3,9,63
3,8,61
2,8,60
3,8,60
5,6,61
3,5,61
3,5,80
3,8,62
3,8,61
3,8,66
4,7,72
5,7,66
5,8,66
6,8,62
5,8,62
13,8,64
13,5,61
10,5,66
16,5,61
16,8,61
17,8,62
38,7,66
100,7,72
54,7,62
38,8,75
21,8,64
17,8,60
13,8,65
13,6,57
12,6,61
12,7,58
10,8,57
8,9,58
11,7,64
11,7,68
7,8,59
8,9,60
7,8,60
10,9,60
15,8,56
17,6,67
15,5,69
20,6,61
60,9,60
9,8,58
8,7,61
8,7,66
9,8,62
11,9,65
14,10,61
11,11,60
14,8,62
10,5,59
10,5,66
13,6,70
9,9,62
10,8,60
19,6,62
27,5,67
54,5,65
55,6,63
39,6,64
40,6,61
50,6,63
35,4,62
23,4,76
23,4,72
24,6,62
27,5,56
24,5,55
25,4,55
27,4,50
24,5,55
